,Summary,,,,,,,,,,uppsatIJCAR(ACDCL),MathSat,uppsatIJCAR(MS),uppsatNew(ACDCL),uppsatIJCAR(z3),ACDCL,uppsatNew(MS),z3,uppsatNew(z3),,,,,,,,,,,,,
Sat,78,,,,,,,,,,50,52,40,52,49,44,48,45,42,,,,,,,,,,,,,
Unsat,56,,,,,,,,,,36,38,17,35,20,5,17,31,19,,,,,,,,,,,,,
,5.3604651163,,,,,,,,,,5.3604651163,-,4.8596491228,4.3563218391,3.347826087,-,2.8307692308,-,2.7868852459,,,,,,,,,,,,,
,,,,,,,,,,,,,,,,,,,,,,,,,,,,,,,,
,Status,uppsatIJCAR(ACDCL),MathSat,uppsatIJCAR(MS),uppsatNew(ACDCL),uppsatIJCAR(z3),ACDCL,uppsatNew(MS),z3,uppsatNew(z3),uppsatIJCAR(ACDCL),MathSat,uppsatIJCAR(MS),uppsatNew(ACDCL),uppsatIJCAR(z3),ACDCL,uppsatNew(MS),z3,uppsatNew(z3),,,,,,,,,,Filename,Sat,Unsat,Unknown
,unsat,unsat,unsat,unsat,unsat,unsat,-,unsat,unsat,unsat,0.8539008,3.372,12.104419,0.7824932,41.86208,t/o,12.1961155,8.45,41.950607,6,-,6,6,6,-,6,-,6,../../../benchmarks/QF_FP_R/griggio/fmcad12/add_01_1000_1.smt2,16,0,2
,unsat,unsat,unsat,unsat,unsat,-,-,unsat,unsat,-,3.4246774,5.736,19.445831,3.437863,t/o,t/o,19.524065,11.02,t/o,6,-,6,6,-,-,6,-,-,../../../benchmarks/QF_FP_R/griggio/fmcad12/add_01_1000_2.smt2,12,0,6
,unsat,-,unsat,unsat,-,-,-,unsat,unsat,-,t/o,13.221,46.556343,t/o,t/o,t/o,41.257267,22.52,t/o,-,-,6,-,-,-,6,-,-,../../../benchmarks/QF_FP_R/griggio/fmcad12/add_01_1000_3.smt2,8,0,10
,unsat,-,unsat,-,-,-,-,-,unsat,-,t/o,41.791,t/o,t/o,t/o,t/o,t/o,37.17,t/o,-,-,-,-,-,-,-,-,-,../../../benchmarks/QF_FP_R/griggio/fmcad12/add_01_1000_4.smt2,4,0,14
,unsat,unsat,unsat,unsat,unsat,unsat,-,unsat,unsat,-,3.4825976,5.82,19.112415,3.4649887,58.325874,t/o,19.226122,11.12,t/o,6,-,6,6,6,-,6,-,-,../../../benchmarks/QF_FP_R/griggio/fmcad12/add_01_100_1.smt2,14,0,4
,unsat,-,unsat,unsat,-,-,-,unsat,unsat,-,t/o,11.965,47.81114,t/o,t/o,t/o,43.852753,19.95,t/o,-,-,6,-,-,-,6,-,-,../../../benchmarks/QF_FP_R/griggio/fmcad12/add_01_100_2.smt2,8,0,10
,unsat,-,unsat,-,-,-,-,-,unsat,-,t/o,32.89,t/o,t/o,t/o,t/o,t/o,48.16,t/o,-,-,-,-,-,-,-,-,-,../../../benchmarks/QF_FP_R/griggio/fmcad12/add_01_100_3.smt2,4,0,14
,unsat,-,-,-,-,-,-,-,unsat,-,t/o,t/o,t/o,t/o,t/o,t/o,t/o,52.44,t/o,-,-,-,-,-,-,-,-,-,../../../benchmarks/QF_FP_R/griggio/fmcad12/add_01_100_4.smt2,2,0,16
,unsat,-,unsat,unsat,-,-,-,unsat,unsat,-,t/o,13.545,45.518806,t/o,t/o,t/o,47.53983,19.56,t/o,-,-,6,-,-,-,6,-,-,../../../benchmarks/QF_FP_R/griggio/fmcad12/add_01_10_1.smt2,8,0,10
,unsat,-,unsat,-,-,-,-,-,unsat,-,t/o,32.858,t/o,t/o,t/o,t/o,t/o,32.76,t/o,-,-,-,-,-,-,-,-,-,../../../benchmarks/QF_FP_R/griggio/fmcad12/add_01_10_2.smt2,4,0,14
,unsat,-,-,-,-,-,-,-,unsat,-,t/o,t/o,t/o,t/o,t/o,t/o,t/o,53.72,t/o,-,-,-,-,-,-,-,-,-,../../../benchmarks/QF_FP_R/griggio/fmcad12/add_01_10_3.smt2,2,0,16
,unsat,-,-,-,-,-,-,-,unsat,-,t/o,t/o,t/o,t/o,t/o,t/o,t/o,51.17,t/o,-,-,-,-,-,-,-,-,-,../../../benchmarks/QF_FP_R/griggio/fmcad12/add_01_10_4.smt2,2,0,16
,unsat,-,unsat,-,-,-,-,-,unsat,-,t/o,27.834,t/o,t/o,t/o,t/o,t/o,45,t/o,-,-,-,-,-,-,-,-,-,../../../benchmarks/QF_FP_R/griggio/fmcad12/add_01_1_1.smt2,4,0,14
,unsat,-,-,-,-,-,-,-,unsat,-,t/o,t/o,t/o,t/o,t/o,t/o,t/o,51.71,t/o,-,-,-,-,-,-,-,-,-,../../../benchmarks/QF_FP_R/griggio/fmcad12/add_01_1_2.smt2,2,0,16
,-,-,-,-,-,-,-,-,-,-,t/o,t/o,t/o,t/o,t/o,t/o,t/o,t/o,t/o,-,-,-,-,-,-,-,-,-,../../../benchmarks/QF_FP_R/griggio/fmcad12/add_01_1_3.smt2,0,0,18
,-,-,-,-,-,-,-,-,-,-,t/o,t/o,t/o,t/o,t/o,t/o,t/o,t/o,t/o,-,-,-,-,-,-,-,-,-,../../../benchmarks/QF_FP_R/griggio/fmcad12/add_01_1_4.smt2,0,0,18
,sat,-,sat,sat,-,sat,-,sat,sat,sat,t/o,52.047,16.010006,t/o,2.234226,t/o,1.9715452,54.43,2.0656397,-,-,6,-,1,-,1,-,1,../../../benchmarks/QF_FP_R/griggio/fmcad12/div2.c.10.smt2,0,12,6
,sat,-,-,sat,-,sat,-,sat,-,sat,t/o,t/o,56.811447,t/o,4.559568,t/o,38.55797,t/o,3.8700495,-,-,7,-,1,-,3,-,1,../../../benchmarks/QF_FP_R/griggio/fmcad12/div2.c.20.smt2,0,8,10
,sat,-,-,-,-,sat,-,-,-,sat,t/o,t/o,t/o,t/o,15.598841,t/o,t/o,t/o,27.74298,-,-,-,-,2,-,-,-,2,../../../benchmarks/QF_FP_R/griggio/fmcad12/div2.c.30.smt2,0,4,14
,sat,-,sat,sat,sat,sat,sat,sat,sat,sat,t/o,2.588,10.455427,1.6323724,1.579753,0.064,1.8377634,8.2,3.1325927,-,-,8,1,2,-,1,-,2,../../../benchmarks/QF_FP_R/griggio/fmcad12/div2.c.3.smt2,0,16,2
,sat,-,-,-,-,sat,-,-,-,sat,t/o,t/o,t/o,t/o,25.936054,t/o,t/o,t/o,39.349922,-,-,-,-,2,-,-,-,2,../../../benchmarks/QF_FP_R/griggio/fmcad12/div2.c.40.smt2,0,4,14
,sat,-,-,-,-,sat,-,-,-,sat,t/o,t/o,t/o,t/o,51.12355,t/o,t/o,t/o,18.184526,-,-,-,-,3,-,-,-,1,../../../benchmarks/QF_FP_R/griggio/fmcad12/div2.c.50.smt2,0,4,14
,sat,sat,sat,sat,sat,sat,-,sat,sat,sat,27.39195,15.709,15.661507,8.707264,2.192684,t/o,2.025591,23.18,5.0322833,7,-,6,7,1,-,1,-,2,../../../benchmarks/QF_FP_R/griggio/fmcad12/div3.c.10.smt2,0,16,2
,sat,sat,sat,sat,sat,sat,sat,sat,-,sat,3.0469472,55.083,14.831187,2.828066,8.935223,13.529,4.8189235,t/o,14.971554,1,-,4,1,2,-,1,-,2,../../../benchmarks/QF_FP_R/griggio/fmcad12/div3.c.20.smt2,0,16,2
,sat,sat,-,sat,sat,sat,sat,sat,-,sat,6.317483,t/o,13.06642,6.1794515,32.34182,2.804,17.532509,t/o,38.21812,1,-,2,1,3,-,2,-,2,../../../benchmarks/QF_FP_R/griggio/fmcad12/div3.c.30.smt2,0,14,4
,sat,sat,sat,sat,sat,sat,sat,sat,sat,sat,4.031359,2.224,1.6232533,0.8315147,1.586402,0.356,0.93612504,6.76,2.8657637,7,-,2,1,2,-,1,-,3,../../../benchmarks/QF_FP_R/griggio/fmcad12/div3.c.3.smt2,0,18,0
,sat,sat,-,sat,sat,sat,-,sat,-,sat,7.590102,t/o,15.739213,7.159282,11.580535,t/o,22.8291,t/o,10.308537,1,-,2,1,1,-,2,-,1,../../../benchmarks/QF_FP_R/griggio/fmcad12/div3.c.40.smt2,0,12,6
,sat,sat,-,sat,sat,sat,sat,-,-,sat,6.7715073,t/o,8.401019,5.826972,20.220161,11.793,t/o,t/o,20.4535,1,-,1,1,1,-,-,-,1,../../../benchmarks/QF_FP_R/griggio/fmcad12/div3.c.50.smt2,0,12,6
,sat,sat,sat,sat,sat,sat,-,sat,sat,sat,45.343277,15.797,33.24676,13.970065,2.1668994,t/o,3.7726636,29.99,5.093188,8,-,8,2,1,-,1,-,2,../../../benchmarks/QF_FP_R/griggio/fmcad12/div.c.10.smt2,0,16,2
,sat,-,sat,-,-,sat,-,sat,-,sat,t/o,55.151,t/o,t/o,5.4277573,t/o,32.360764,t/o,4.053651,-,-,-,-,1,-,2,-,1,../../../benchmarks/QF_FP_R/griggio/fmcad12/div.c.20.smt2,0,8,10
,sat,-,-,sat,-,sat,-,sat,-,sat,t/o,t/o,46.770878,t/o,10.881189,t/o,30.900318,t/o,10.376457,-,-,6,-,1,-,2,-,1,../../../benchmarks/QF_FP_R/griggio/fmcad12/div.c.30.smt2,0,8,10
,sat,sat,sat,sat,sat,sat,sat,sat,sat,sat,5.3817697,2.224,0.9171647,0.9365941,0.8729018,0.02,1.6681209,5.99,0.70231223,8,-,1,1,1,-,1,-,1,../../../benchmarks/QF_FP_R/griggio/fmcad12/div.c.3.smt2,0,18,0
,sat,-,-,sat,-,sat,-,-,-,sat,t/o,t/o,19.439224,t/o,11.17191,t/o,t/o,t/o,9.741378,-,-,2,-,1,-,-,-,1,../../../benchmarks/QF_FP_R/griggio/fmcad12/div.c.40.smt2,0,6,12
,sat,-,-,-,-,-,-,sat,-,-,t/o,t/o,t/o,t/o,t/o,t/o,44.71234,t/o,t/o,-,-,-,-,-,-,2,-,-,../../../benchmarks/QF_FP_R/griggio/fmcad12/div.c.50.smt2,0,2,16
,sat,sat,sat,sat,sat,sat,-,sat,sat,sat,5.1398826,0.24,1.4564222,0.72151005,0.5263396,t/o,6.4573793,1.6,0.5120117,9,-,3,1,1,-,10,-,1,../../../benchmarks/QF_FP_R/griggio/fmcad12/e1_1.c.smt2,0,16,2
,sat,sat,sat,sat,sat,sat,-,sat,sat,sat,5.036164,0.24,1.492741,0.6693081,0.5044688,t/o,6.232586,1.6,0.5004034,9,-,3,1,1,-,10,-,1,../../../benchmarks/QF_FP_R/griggio/fmcad12/e1_2.c.smt2,0,16,2
,sat,sat,sat,sat,sat,sat,-,sat,sat,sat,7.580578,0.28,0.68000454,1.2106125,1.1560458,t/o,0.7804453,1.47,1.0170652,8,-,1,2,2,-,1,-,2,../../../benchmarks/QF_FP_R/griggio/fmcad12/e1.c.smt2,0,16,2
,sat,sat,sat,sat,sat,sat,sat,sat,sat,sat,0.9966228,0.984,1.0097775,1.0440009,0.9361739,0.016,1.1375978,5.95,0.68773293,1,-,1,1,1,-,1,-,1,../../../benchmarks/QF_FP_R/griggio/fmcad12/e2_1.c.smt2,0,18,0
,sat,sat,sat,sat,sat,sat,sat,sat,sat,sat,0.9372389,0.228,1.7368009,0.9715387,0.95032525,0.008,1.0309869,0.9,0.6078479,1,-,2,1,1,-,1,-,1,../../../benchmarks/QF_FP_R/griggio/fmcad12/e2_2.c.smt2,0,18,0
,sat,sat,sat,sat,sat,sat,sat,sat,sat,sat,0.90234035,0.208,0.9525892,0.95171344,0.89421076,0.008,1.0220894,0.93,0.60059893,1,-,1,1,1,-,1,-,1,../../../benchmarks/QF_FP_R/griggio/fmcad12/e2_3.c.smt2,0,18,0
,sat,sat,sat,sat,sat,sat,sat,sat,sat,sat,0.68338567,0.208,1.3339285,0.82556504,0.7003913,0.008,0.82180053,0.09,0.7868322,1,-,2,1,1,-,1,-,1,../../../benchmarks/QF_FP_R/griggio/fmcad12/e2a_1.c.smt2,0,18,0
,sat,sat,sat,sat,sat,sat,sat,sat,sat,sat,3.47303,0.2,0.75727123,3.7713518,0.68588436,0.008,0.8824106,0.78,0.68326837,7,-,1,7,1,-,1,-,1,../../../benchmarks/QF_FP_R/griggio/fmcad12/e2a_2.c.smt2,0,18,0
,sat,sat,sat,sat,sat,sat,sat,sat,sat,sat,3.8364,0.196,0.7629016,3.7242732,0.63822603,0.008,0.8128988,0.81,0.6147321,7,-,1,7,1,-,1,-,1,../../../benchmarks/QF_FP_R/griggio/fmcad12/e2a_3.c.smt2,0,18,0
,sat,sat,sat,sat,sat,sat,sat,sat,sat,sat,3.2454362,1.568,1.3680884,2.2568738,1.2856022,0.104,1.3309566,6.82,1.061059,3,-,1,2,1,-,1,-,1,../../../benchmarks/QF_FP_R/griggio/fmcad12/e2.c.smt2,0,18,0
,sat,sat,sat,sat,sat,sat,sat,sat,sat,sat,1.9983861,3.624,6.998333,3.8466992,1.1806144,0.024,2.200435,8.63,1.1595174,2,-,4,3,1,-,2,-,1,../../../benchmarks/QF_FP_R/griggio/fmcad12/e3_1.c.smt2,0,18,0
,sat,sat,sat,sat,sat,sat,sat,sat,sat,sat,2.0125427,1.24,2.1299572,7.076563,1.0948881,0.072,2.150569,6.57,1.1422942,2,-,2,6,1,-,2,-,1,../../../benchmarks/QF_FP_R/griggio/fmcad12/e3_2.c.smt2,0,18,0
,unsat,-,unsat,-,-,unsat,unsat,-,unsat,unsat,t/o,0.004,t/o,t/o,7.3732686,0.004,t/o,10.06,7.2563667,-,-,-,-,6,-,-,-,6,../../../benchmarks/QF_FP_R/griggio/fmcad12/e3.c.smt2,10,0,8
,sat,-,-,-,-,-,-,-,sat,-,t/o,t/o,t/o,t/o,t/o,t/o,t/o,22.72,t/o,-,-,-,-,-,-,-,-,-,../../../benchmarks/QF_FP_R/griggio/fmcad12/f23.smt2,0,2,16
,-,-,-,-,-,-,-,-,-,-,t/o,t/o,t/o,t/o,t/o,t/o,t/o,t/o,t/o,-,-,-,-,-,-,-,-,-,../../../benchmarks/QF_FP_R/griggio/fmcad12/gaussian.c.125.smt2,0,0,18
,-,-,-,-,-,-,-,-,-,-,t/o,t/o,t/o,t/o,t/o,t/o,t/o,t/o,t/o,-,-,-,-,-,-,-,-,-,../../../benchmarks/QF_FP_R/griggio/fmcad12/gaussian.c.175.smt2,0,0,18
,sat,-,-,-,-,-,sat,-,-,-,t/o,t/o,t/o,t/o,t/o,30.302,t/o,t/o,t/o,-,-,-,-,-,-,-,-,-,../../../benchmarks/QF_FP_R/griggio/fmcad12/gaussian.c.25.smt2,0,2,16
,-,-,-,-,-,-,-,-,-,-,t/o,t/o,t/o,t/o,t/o,t/o,t/o,t/o,t/o,-,-,-,-,-,-,-,-,-,../../../benchmarks/QF_FP_R/griggio/fmcad12/gaussian.c.75.smt2,0,0,18
,-,-,-,-,-,-,-,-,-,-,t/o,t/o,t/o,t/o,t/o,t/o,t/o,t/o,t/o,-,-,-,-,-,-,-,-,-,../../../benchmarks/QF_FP_R/griggio/fmcad12/mul_000003_30000_1.smt2,0,0,18
,-,-,-,-,-,-,-,-,-,-,t/o,t/o,t/o,t/o,t/o,t/o,t/o,t/o,t/o,-,-,-,-,-,-,-,-,-,../../../benchmarks/QF_FP_R/griggio/fmcad12/mul_03_3000_1.smt2,0,0,18
,unsat,-,unsat,-,-,-,-,-,-,-,t/o,29.398,t/o,t/o,t/o,t/o,t/o,t/o,t/o,-,-,-,-,-,-,-,-,-,../../../benchmarks/QF_FP_R/griggio/fmcad12/mul_03_30_1.smt2,2,0,16
,unsat,-,unsat,-,-,-,-,-,-,-,t/o,21.617,t/o,t/o,t/o,t/o,t/o,t/o,t/o,-,-,-,-,-,-,-,-,-,../../../benchmarks/QF_FP_R/griggio/fmcad12/mul_03_30_2.smt2,2,0,16
,unsat,-,unsat,-,-,-,-,-,-,-,t/o,36.086,t/o,t/o,t/o,t/o,t/o,t/o,t/o,-,-,-,-,-,-,-,-,-,../../../benchmarks/QF_FP_R/griggio/fmcad12/mul_03_30_3.smt2,2,0,16
,-,-,-,-,-,-,-,-,-,-,t/o,t/o,t/o,t/o,t/o,t/o,t/o,t/o,t/o,-,-,-,-,-,-,-,-,-,../../../benchmarks/QF_FP_R/griggio/fmcad12/mul_03_30_4.smt2,0,0,18
,-,-,-,-,-,-,-,-,-,-,t/o,t/o,t/o,t/o,t/o,t/o,t/o,t/o,t/o,-,-,-,-,-,-,-,-,-,../../../benchmarks/QF_FP_R/griggio/fmcad12/mul_03_30_5.smt2,0,0,18
,-,-,-,-,-,-,-,-,-,-,t/o,t/o,t/o,t/o,t/o,t/o,t/o,t/o,t/o,-,-,-,-,-,-,-,-,-,../../../benchmarks/QF_FP_R/griggio/fmcad12/mul_03_30_6.smt2,0,0,18
,unsat,-,unsat,-,-,-,-,-,-,-,t/o,33.898,t/o,t/o,t/o,t/o,t/o,t/o,t/o,-,-,-,-,-,-,-,-,-,../../../benchmarks/QF_FP_R/griggio/fmcad12/mul_03_30_7.smt2,2,0,16
,sat,-,sat,-,-,-,sat,-,sat,-,t/o,32.226,t/o,t/o,t/o,0.156,t/o,33.67,t/o,-,-,-,-,-,-,-,-,-,../../../benchmarks/QF_FP_R/griggio/fmcad12/mul_03_3_1.smt2,0,6,12
,sat,sat,sat,sat,sat,sat,sat,sat,sat,sat,1.8854139,3.436,3.4487429,1.6941091,3.8357835,0.34,3.707363,9.49,6.1423388,1,-,2,1,2,-,2,-,2,../../../benchmarks/QF_FP_R/griggio/fmcad12/mult1.c.10.smt2,0,18,0
,sat,sat,sat,-,sat,sat,sat,sat,sat,sat,3.259851,13.505,t/o,2.9463189,3.7371771,1.048,2.9287517,10.37,3.3114214,1,-,-,1,1,-,1,-,1,../../../benchmarks/QF_FP_R/griggio/fmcad12/mult1.c.20.smt2,0,16,2
,sat,sat,sat,-,sat,sat,sat,sat,sat,sat,5.443485,30.306,t/o,5.3187747,5.097022,0.344,4.404151,13.51,3.3630812,1,-,-,1,1,-,1,-,1,../../../benchmarks/QF_FP_R/griggio/fmcad12/mult1.c.30.smt2,0,16,2
,sat,sat,sat,sat,sat,sat,sat,sat,sat,sat,20.347775,0.34,4.117298,0.8604841,1.4666511,0.008,0.87856555,1.37,1.7029736,11,-,6,1,2,-,1,-,2,../../../benchmarks/QF_FP_R/griggio/fmcad12/mult1.c.3.smt2,0,18,0
,sat,sat,sat,-,sat,sat,sat,sat,sat,sat,5.1498303,55.103,t/o,4.8847346,19.079803,0.568,5.6377287,19.49,7.3850627,1,-,-,1,2,-,1,-,1,../../../benchmarks/QF_FP_R/griggio/fmcad12/mult1.c.40.smt2,0,16,2
,sat,sat,-,-,sat,sat,-,sat,-,sat,7.259867,t/o,t/o,6.67519,11.614441,t/o,6.7274656,t/o,9.82919,1,-,-,1,1,-,1,-,1,../../../benchmarks/QF_FP_R/griggio/fmcad12/mult1.c.50.smt2,0,10,8
,sat,sat,sat,sat,sat,sat,sat,sat,sat,sat,1.6790568,4.14,24.187624,1.7403526,1.9809275,0.2,1.8785604,9.44,1.910827,1,-,12,1,1,-,1,-,1,../../../benchmarks/QF_FP_R/griggio/fmcad12/mult2.c.10.smt2,0,18,0
,sat,sat,sat,-,sat,sat,sat,sat,sat,sat,5.878908,14.849,t/o,5.493118,3.940689,3.688,20.758787,12.77,3.466085,2,-,-,2,1,-,3,-,1,../../../benchmarks/QF_FP_R/griggio/fmcad12/mult2.c.20.smt2,0,16,2
,sat,sat,sat,-,sat,sat,sat,sat,-,sat,9.032314,32.558,t/o,8.32393,6.5711102,0.344,20.862078,t/o,4.95994,2,-,-,2,1,-,3,-,1,../../../benchmarks/QF_FP_R/griggio/fmcad12/mult2.c.30.smt2,0,14,4
,sat,sat,sat,sat,-,sat,sat,sat,sat,sat,4.04273,0.556,3.334008,t/o,0.76570415,0.008,0.97490495,1.82,1.806077,7,-,5,-,1,-,1,-,2,../../../benchmarks/QF_FP_R/griggio/fmcad12/mult2.c.3.smt2,0,16,2
,sat,sat,-,sat,sat,sat,-,-,-,sat,11.717224,t/o,20.895195,11.8697405,17.684536,t/o,t/o,t/o,39.391308,2,-,3,2,2,-,-,-,2,../../../benchmarks/QF_FP_R/griggio/fmcad12/mult2.c.40.smt2,0,10,8
,sat,sat,-,-,sat,sat,sat,sat,-,sat,15.917483,t/o,t/o,19.156641,11.323126,0.82,7.475004,t/o,10.331378,2,-,-,3,1,-,1,-,1,../../../benchmarks/QF_FP_R/griggio/fmcad12/mult2.c.50.smt2,0,12,6
,unsat,unsat,-,-,unsat,-,-,-,-,-,3.8720555,t/o,t/o,3.9561026,t/o,t/o,t/o,t/o,t/o,6,-,-,6,-,-,-,-,-,../../../benchmarks/QF_FP_R/griggio/fmcad12/newton.1.1.i.smt2,4,0,14
,-,-,-,-,-,-,-,-,-,-,t/o,t/o,t/o,t/o,t/o,t/o,t/o,t/o,t/o,-,-,-,-,-,-,-,-,-,../../../benchmarks/QF_FP_R/griggio/fmcad12/newton.1.2.i.smt2,0,0,18
,-,-,-,-,-,-,-,-,-,-,t/o,t/o,t/o,t/o,t/o,t/o,t/o,t/o,t/o,-,-,-,-,-,-,-,-,-,../../../benchmarks/QF_FP_R/griggio/fmcad12/newton.1.3.i.smt2,0,0,18
,unsat,unsat,-,-,unsat,-,-,-,-,-,4.404667,t/o,t/o,4.467767,t/o,t/o,t/o,t/o,t/o,6,-,-,6,-,-,-,-,-,../../../benchmarks/QF_FP_R/griggio/fmcad12/newton.2.1.i.smt2,4,0,14
,-,-,-,-,-,-,-,-,-,-,t/o,t/o,t/o,t/o,t/o,t/o,t/o,t/o,t/o,-,-,-,-,-,-,-,-,-,../../../benchmarks/QF_FP_R/griggio/fmcad12/newton.2.2.i.smt2,0,0,18
,-,-,-,-,-,-,-,-,-,-,t/o,t/o,t/o,t/o,t/o,t/o,t/o,t/o,t/o,-,-,-,-,-,-,-,-,-,../../../benchmarks/QF_FP_R/griggio/fmcad12/newton.2.3.i.smt2,0,0,18
,unsat,unsat,-,-,unsat,-,-,-,-,-,6.129843,t/o,t/o,6.1385803,t/o,t/o,t/o,t/o,t/o,6,-,-,6,-,-,-,-,-,../../../benchmarks/QF_FP_R/griggio/fmcad12/newton.3.1.i.smt2,4,0,14
,-,-,-,-,-,-,-,-,-,-,t/o,t/o,t/o,t/o,t/o,t/o,t/o,t/o,t/o,-,-,-,-,-,-,-,-,-,../../../benchmarks/QF_FP_R/griggio/fmcad12/newton.3.2.i.smt2,0,0,18
,-,-,-,-,-,-,-,-,-,-,t/o,t/o,t/o,t/o,t/o,t/o,t/o,t/o,t/o,-,-,-,-,-,-,-,-,-,../../../benchmarks/QF_FP_R/griggio/fmcad12/newton.3.3.i.smt2,0,0,18
,sat,sat,sat,-,sat,-,sat,-,sat,-,3.7671192,58.028,t/o,19.701199,t/o,0.26,t/o,42.58,t/o,7,-,-,10,-,-,-,-,-,../../../benchmarks/QF_FP_R/griggio/fmcad12/newton.4.1.i.smt2,0,10,8
,-,-,-,-,-,-,-,-,-,-,t/o,t/o,t/o,t/o,t/o,t/o,t/o,t/o,t/o,-,-,-,-,-,-,-,-,-,../../../benchmarks/QF_FP_R/griggio/fmcad12/newton.4.2.i.smt2,0,0,18
,-,-,-,-,-,-,-,-,-,-,t/o,t/o,t/o,t/o,t/o,t/o,t/o,t/o,t/o,-,-,-,-,-,-,-,-,-,../../../benchmarks/QF_FP_R/griggio/fmcad12/newton.4.3.i.smt2,0,0,18
,sat,sat,-,-,sat,-,sat,-,-,-,3.4930708,t/o,t/o,21.319078,t/o,0.708,t/o,t/o,t/o,7,-,-,10,-,-,-,-,-,../../../benchmarks/QF_FP_R/griggio/fmcad12/newton.5.1.i.smt2,0,6,12
,-,-,-,-,-,-,-,-,-,-,t/o,t/o,t/o,t/o,t/o,t/o,t/o,t/o,t/o,-,-,-,-,-,-,-,-,-,../../../benchmarks/QF_FP_R/griggio/fmcad12/newton.5.2.i.smt2,0,0,18
,-,-,-,-,-,-,-,-,-,-,t/o,t/o,t/o,t/o,t/o,t/o,t/o,t/o,t/o,-,-,-,-,-,-,-,-,-,../../../benchmarks/QF_FP_R/griggio/fmcad12/newton.5.3.i.smt2,0,0,18
,sat,sat,sat,sat,sat,-,sat,-,sat,-,3.680813,46.007,26.4419,21.148056,t/o,0.04,t/o,13.02,t/o,7,-,7,10,-,-,-,-,-,../../../benchmarks/QF_FP_R/griggio/fmcad12/newton.6.1.i.smt2,0,12,6
,sat,-,-,-,-,-,sat,-,-,-,t/o,t/o,t/o,t/o,t/o,49.279,t/o,t/o,t/o,-,-,-,-,-,-,-,-,-,../../../benchmarks/QF_FP_R/griggio/fmcad12/newton.6.2.i.smt2,0,2,16
,-,-,-,-,-,-,-,-,-,-,t/o,t/o,t/o,t/o,t/o,t/o,t/o,t/o,t/o,-,-,-,-,-,-,-,-,-,../../../benchmarks/QF_FP_R/griggio/fmcad12/newton.6.3.i.smt2,0,0,18
,sat,sat,sat,-,sat,-,sat,-,sat,-,3.3524244,54.287,t/o,20.534245,t/o,0.152,t/o,14.08,t/o,7,-,-,11,-,-,-,-,-,../../../benchmarks/QF_FP_R/griggio/fmcad12/newton.7.1.i.smt2,0,10,8
,sat,-,sat,-,-,-,sat,-,sat,-,t/o,57.336,t/o,t/o,t/o,14.397,t/o,34.48,t/o,-,-,-,-,-,-,-,-,-,../../../benchmarks/QF_FP_R/griggio/fmcad12/newton.7.2.i.smt2,0,6,12
,sat,-,-,-,-,-,sat,-,-,-,t/o,t/o,t/o,t/o,t/o,0.428,t/o,t/o,t/o,-,-,-,-,-,-,-,-,-,../../../benchmarks/QF_FP_R/griggio/fmcad12/newton.7.3.i.smt2,0,2,16
,sat,sat,sat,-,sat,sat,sat,-,sat,-,3.3262205,26.086,t/o,20.353142,42.58449,0.088,t/o,16.99,t/o,7,-,-,12,7,-,-,-,-,../../../benchmarks/QF_FP_R/griggio/fmcad12/newton.8.1.i.smt2,0,12,6
,sat,sat,sat,-,-,-,-,-,sat,-,17.093637,34.75,t/o,t/o,t/o,t/o,t/o,35.57,t/o,7,-,-,-,-,-,-,-,-,../../../benchmarks/QF_FP_R/griggio/fmcad12/newton.8.2.i.smt2,0,6,12
,sat,-,sat,-,-,-,-,-,-,-,t/o,46.419,t/o,t/o,t/o,t/o,t/o,t/o,t/o,-,-,-,-,-,-,-,-,-,../../../benchmarks/QF_FP_R/griggio/fmcad12/newton.8.3.i.smt2,0,2,16
,unsat,unsat,-,-,unsat,-,unsat,-,-,-,0.8485356,t/o,t/o,20.29783,t/o,1.068,t/o,t/o,t/o,7,-,-,10,-,-,-,-,-,../../../benchmarks/QF_FP_R/griggio/fmcad12/pow5.smt2,6,0,12
,-,-,-,-,-,-,-,-,-,-,t/o,t/o,t/o,t/o,t/o,t/o,t/o,t/o,t/o,-,-,-,-,-,-,-,-,-,../../../benchmarks/QF_FP_R/griggio/fmcad12/qurt.c.10.smt2,0,0,18
,unsat,-,unsat,-,-,-,unsat,-,unsat,-,t/o,0.012,t/o,t/o,t/o,0.012,t/o,3.56,t/o,-,-,-,-,-,-,-,-,-,../../../benchmarks/QF_FP_R/griggio/fmcad12/qurt.c.15.smt2,6,0,12
,unsat,-,unsat,-,-,-,unsat,-,-,-,t/o,0.012,t/o,t/o,t/o,0.012,t/o,t/o,t/o,-,-,-,-,-,-,-,-,-,../../../benchmarks/QF_FP_R/griggio/fmcad12/qurt.c.20.smt2,4,0,14
,unsat,-,unsat,-,-,-,unsat,-,-,-,t/o,0.012,t/o,t/o,t/o,0.012,t/o,t/o,t/o,-,-,-,-,-,-,-,-,-,../../../benchmarks/QF_FP_R/griggio/fmcad12/qurt.c.25.smt2,4,0,14
,unsat,-,-,-,-,-,-,-,unsat,-,t/o,t/o,t/o,t/o,t/o,t/o,t/o,32.09,t/o,-,-,-,-,-,-,-,-,-,../../../benchmarks/QF_FP_R/griggio/fmcad12/qurt.c.2.smt2,2,0,16
,-,-,-,-,-,-,-,-,-,-,t/o,t/o,t/o,t/o,t/o,t/o,t/o,t/o,t/o,-,-,-,-,-,-,-,-,-,../../../benchmarks/QF_FP_R/griggio/fmcad12/qurt.c.5.smt2,0,0,18
,-,-,-,-,-,-,-,-,-,-,t/o,t/o,t/o,t/o,t/o,t/o,t/o,t/o,t/o,-,-,-,-,-,-,-,-,-,../../../benchmarks/QF_FP_R/griggio/fmcad12/sin2.c.10.smt2,0,0,18
,-,-,-,-,-,-,-,-,-,-,t/o,t/o,t/o,t/o,t/o,t/o,t/o,t/o,t/o,-,-,-,-,-,-,-,-,-,../../../benchmarks/QF_FP_R/griggio/fmcad12/sin2.c.125.smt2,0,0,18
,-,-,-,-,-,-,-,-,-,-,t/o,t/o,t/o,t/o,t/o,t/o,t/o,t/o,t/o,-,-,-,-,-,-,-,-,-,../../../benchmarks/QF_FP_R/griggio/fmcad12/sin2.c.15.smt2,0,0,18
,-,-,-,-,-,-,-,-,-,-,t/o,t/o,t/o,t/o,t/o,t/o,t/o,t/o,t/o,-,-,-,-,-,-,-,-,-,../../../benchmarks/QF_FP_R/griggio/fmcad12/sin2.c.175.smt2,0,0,18
,-,-,-,-,-,-,-,-,-,-,t/o,t/o,t/o,t/o,t/o,t/o,t/o,t/o,t/o,-,-,-,-,-,-,-,-,-,../../../benchmarks/QF_FP_R/griggio/fmcad12/sin2.c.20.smt2,0,0,18
,-,-,-,-,-,-,-,-,-,-,t/o,t/o,t/o,t/o,t/o,t/o,t/o,t/o,t/o,-,-,-,-,-,-,-,-,-,../../../benchmarks/QF_FP_R/griggio/fmcad12/sin2.c.25.smt2,0,0,18
,sat,-,sat,-,-,-,-,-,sat,-,t/o,25.722,t/o,t/o,t/o,t/o,t/o,33.4,t/o,-,-,-,-,-,-,-,-,-,../../../benchmarks/QF_FP_R/griggio/fmcad12/sin2.c.2.smt2,0,4,14
,-,-,-,-,-,-,-,-,-,-,t/o,t/o,t/o,t/o,t/o,t/o,t/o,t/o,t/o,-,-,-,-,-,-,-,-,-,../../../benchmarks/QF_FP_R/griggio/fmcad12/sin2.c.5.smt2,0,0,18
,-,-,-,-,-,-,-,-,-,-,t/o,t/o,t/o,t/o,t/o,t/o,t/o,t/o,t/o,-,-,-,-,-,-,-,-,-,../../../benchmarks/QF_FP_R/griggio/fmcad12/sin2.c.75.smt2,0,0,18
,-,-,-,-,-,-,-,-,-,-,t/o,t/o,t/o,t/o,t/o,t/o,t/o,t/o,t/o,-,-,-,-,-,-,-,-,-,../../../benchmarks/QF_FP_R/griggio/fmcad12/sin.c.125.smt2,0,0,18
,-,-,-,-,-,-,-,-,-,-,t/o,t/o,t/o,t/o,t/o,t/o,t/o,t/o,t/o,-,-,-,-,-,-,-,-,-,../../../benchmarks/QF_FP_R/griggio/fmcad12/sin.c.175.smt2,0,0,18
,-,-,-,-,-,-,-,-,-,-,t/o,t/o,t/o,t/o,t/o,t/o,t/o,t/o,t/o,-,-,-,-,-,-,-,-,-,../../../benchmarks/QF_FP_R/griggio/fmcad12/sin.c.25.smt2,0,0,18
,-,-,-,-,-,-,-,-,-,-,t/o,t/o,t/o,t/o,t/o,t/o,t/o,t/o,t/o,-,-,-,-,-,-,-,-,-,../../../benchmarks/QF_FP_R/griggio/fmcad12/sin.c.75.smt2,0,0,18
,sat,sat,-,sat,sat,sat,sat,-,sat,-,3.0366528,t/o,17.357468,15.603135,52.269485,1.48,t/o,22.15,t/o,7,-,7,12,7,-,-,-,-,../../../benchmarks/QF_FP_R/griggio/fmcad12/sine.1.0.i.smt2,0,12,6
,unsat,unsat,-,unsat,unsat,unsat,-,unsat,-,unsat,0.47334778,t/o,7.2216554,0.47308767,1.921912,t/o,7.2362604,t/o,1.9516636,6,-,6,6,6,-,6,-,6,../../../benchmarks/QF_FP_R/griggio/fmcad12/sine.2.0.i.smt2,12,0,6
,unsat,unsat,-,unsat,unsat,unsat,-,unsat,-,unsat,0.46424377,t/o,6.6456447,0.45407146,2.1048915,t/o,6.786581,t/o,1.9234744,6,-,6,6,6,-,6,-,6,../../../benchmarks/QF_FP_R/griggio/fmcad12/sine.3.0.i.smt2,12,0,6
,unsat,unsat,-,unsat,unsat,unsat,-,unsat,-,unsat,0.46667033,t/o,6.6896553,0.44815168,2.1547573,t/o,7.2304482,t/o,1.9524454,6,-,6,6,6,-,6,-,6,../../../benchmarks/QF_FP_R/griggio/fmcad12/sine.4.0.i.smt2,12,0,6
,unsat,unsat,-,unsat,unsat,unsat,-,unsat,-,unsat,0.4592283,t/o,7.2386622,0.45042238,2.1166637,t/o,7.242615,t/o,1.9430207,6,-,6,6,6,-,6,-,6,../../../benchmarks/QF_FP_R/griggio/fmcad12/sine.5.0.i.smt2,12,0,6
,unsat,unsat,unsat,unsat,unsat,unsat,-,unsat,-,unsat,0.464486,49.623,6.666363,0.4672657,1.9420261,t/o,6.673251,t/o,1.9559386,6,-,6,6,6,-,6,-,6,../../../benchmarks/QF_FP_R/griggio/fmcad12/sine.6.0.i.smt2,14,0,4
,unsat,unsat,-,unsat,unsat,unsat,-,unsat,-,unsat,0.4641083,t/o,7.2532215,0.46163255,1.9595754,t/o,6.873635,t/o,2.1063132,6,-,6,6,6,-,6,-,6,../../../benchmarks/QF_FP_R/griggio/fmcad12/sine.7.0.i.smt2,12,0,6
,unsat,unsat,unsat,unsat,unsat,unsat,-,unsat,-,unsat,0.47187805,18.285,6.6506166,0.4408038,1.9310191,t/o,6.6790175,t/o,1.9611002,6,-,6,6,6,-,6,-,6,../../../benchmarks/QF_FP_R/griggio/fmcad12/sine.8.0.i.smt2,14,0,4
,-,-,-,-,-,-,-,-,-,-,t/o,t/o,t/o,t/o,t/o,t/o,t/o,t/o,t/o,-,-,-,-,-,-,-,-,-,../../../benchmarks/QF_FP_R/griggio/fmcad12/sqrt.c.10.smt2,0,0,18
,-,-,-,-,-,-,-,-,-,-,t/o,t/o,t/o,t/o,t/o,t/o,t/o,t/o,t/o,-,-,-,-,-,-,-,-,-,../../../benchmarks/QF_FP_R/griggio/fmcad12/sqrt.c.15.smt2,0,0,18
,-,-,-,-,-,-,-,-,-,-,t/o,t/o,t/o,t/o,t/o,t/o,t/o,t/o,t/o,-,-,-,-,-,-,-,-,-,../../../benchmarks/QF_FP_R/griggio/fmcad12/sqrt.c.20.smt2,0,0,18
,-,-,-,-,-,-,-,-,-,-,t/o,t/o,t/o,t/o,t/o,t/o,t/o,t/o,t/o,-,-,-,-,-,-,-,-,-,../../../benchmarks/QF_FP_R/griggio/fmcad12/sqrt.c.25.smt2,0,0,18
,-,-,-,-,-,-,-,-,-,-,t/o,t/o,t/o,t/o,t/o,t/o,t/o,t/o,t/o,-,-,-,-,-,-,-,-,-,../../../benchmarks/QF_FP_R/griggio/fmcad12/sqrt.c.2.smt2,0,0,18
,-,-,-,-,-,-,-,-,-,-,t/o,t/o,t/o,t/o,t/o,t/o,t/o,t/o,t/o,-,-,-,-,-,-,-,-,-,../../../benchmarks/QF_FP_R/griggio/fmcad12/sqrt.c.5.smt2,0,0,18
,unsat,unsat,unsat,-,unsat,unsat,-,-,unsat,unsat,0.47755873,8.365,t/o,0.47780597,5.759029,t/o,t/o,39.07,6.2881155,6,-,-,6,6,-,-,-,6,../../../benchmarks/QF_FP_R/griggio/fmcad12/square.1.0.i.smt2,12,0,6
,unsat,unsat,unsat,-,unsat,unsat,-,-,unsat,unsat,0.4815936,14.037,t/o,0.46742302,6.3065925,t/o,t/o,22.67,6.467802,6,-,-,6,6,-,-,-,6,../../../benchmarks/QF_FP_R/griggio/fmcad12/square.2.0.i.smt2,12,0,6
,unsat,unsat,unsat,-,unsat,unsat,-,-,-,unsat,0.48416632,19.649,t/o,0.48320836,5.946016,t/o,t/o,t/o,6.269435,6,-,-,6,6,-,-,-,6,../../../benchmarks/QF_FP_R/griggio/fmcad12/square.3.0.i.smt2,10,0,8
,unsat,unsat,unsat,-,unsat,unsat,-,-,unsat,unsat,0.48042727,8.345,t/o,0.46771243,5.995629,t/o,t/o,22.18,5.81782,6,-,-,6,6,-,-,-,6,../../../benchmarks/QF_FP_R/griggio/fmcad12/square.4.0.i.smt2,12,0,6
,unsat,unsat,unsat,-,unsat,unsat,-,-,unsat,unsat,0.46703413,10.957,t/o,0.47181132,5.6567216,t/o,t/o,32.43,5.6918716,6,-,-,6,6,-,-,-,6,../../../benchmarks/QF_FP_R/griggio/fmcad12/square.5.0.i.smt2,12,0,6
,unsat,unsat,-,-,unsat,unsat,-,-,unsat,unsat,0.4602025,t/o,t/o,0.4674529,6.250016,t/o,t/o,47.88,6.0689206,6,-,-,6,6,-,-,-,6,../../../benchmarks/QF_FP_R/griggio/fmcad12/square.6.0.i.smt2,10,0,8
,unsat,unsat,unsat,-,unsat,unsat,-,-,unsat,unsat,0.47675192,8.321,t/o,0.4854458,5.748496,t/o,t/o,44.3,5.6824646,6,-,-,6,6,-,-,-,6,../../../benchmarks/QF_FP_R/griggio/fmcad12/square.7.0.i.smt2,12,0,6
,unsat,unsat,unsat,-,unsat,unsat,-,-,-,unsat,0.4846809,9.141,t/o,0.4813922,5.780802,t/o,t/o,t/o,5.8266935,6,-,-,6,6,-,-,-,6,../../../benchmarks/QF_FP_R/griggio/fmcad12/square.8.0.i.smt2,10,0,8
,sat,-,-,-,-,-,-,-,sat,-,t/o,t/o,t/o,t/o,t/o,t/o,t/o,42.32,t/o,-,-,-,-,-,-,-,-,-,../../../benchmarks/QF_FP_R/griggio/fmcad12/square_and_power_inverse.smt2,0,2,16
,unsat,unsat,unsat,unsat,unsat,unsat,-,unsat,unsat,unsat,9.844161,0.644,2.0302424,9.738555,1.7269253,t/o,2.1808932,0.3,1.7063521,6,-,6,6,6,-,6,-,6,../../../benchmarks/QF_FP_R/griggio/fmcad12/square.smt2,16,0,2
,sat,sat,sat,sat,sat,sat,sat,sat,sat,-,3.0272152,1.5,14.754944,2.1410294,22.802595,0.04,2.689779,11.47,t/o,7,-,7,1,7,-,1,-,-,../../../benchmarks/QF_FP_R/griggio/fmcad12/test_v3_r3_vr10_c1_s14052.smt2,0,16,2
,sat,sat,sat,sat,sat,-,sat,sat,sat,sat,3.2386258,9.209,24.586958,2.2912276,t/o,0.58,2.4842563,7.03,2.874666,7,-,7,1,-,-,1,-,1,../../../benchmarks/QF_FP_R/griggio/fmcad12/test_v3_r3_vr10_c1_s24300.smt2,0,16,2
,sat,sat,sat,sat,sat,sat,sat,sat,sat,-,3.0134387,2.52,18.479818,4.1151047,48.221928,0.016,2.6161046,5.14,t/o,7,-,7,2,7,-,1,-,-,../../../benchmarks/QF_FP_R/griggio/fmcad12/test_v3_r3_vr10_c1_s29304.smt2,0,16,2
,sat,sat,sat,sat,sat,sat,sat,-,sat,-,2.9650881,3.324,22.279657,18.473562,18.903782,0.296,t/o,11.81,t/o,7,-,7,11,7,-,-,-,-,../../../benchmarks/QF_FP_R/griggio/fmcad12/test_v3_r3_vr1_c1_s10392.smt2,0,14,4
,unsat,unsat,unsat,unsat,unsat,unsat,-,unsat,unsat,unsat,0.68461686,3.748,15.136992,0.68653643,28.346848,t/o,15.22792,11.32,28.40445,6,-,6,6,6,-,6,-,6,../../../benchmarks/QF_FP_R/griggio/fmcad12/test_v3_r3_vr1_c1_s5578.smt2,16,0,2
,unsat,unsat,unsat,unsat,unsat,-,-,unsat,unsat,-,0.7517113,11.249,49.46359,0.7577557,t/o,t/o,52.756927,26,t/o,6,-,6,6,-,-,6,-,-,../../../benchmarks/QF_FP_R/griggio/fmcad12/test_v3_r3_vr1_c1_s6731.smt2,12,0,6
,sat,sat,sat,sat,sat,sat,sat,sat,sat,-,3.0018299,2.116,13.72572,2.25701,21.796648,0.252,2.6680808,5.16,t/o,7,-,7,1,7,-,1,-,-,../../../benchmarks/QF_FP_R/griggio/fmcad12/test_v3_r3_vr5_c1_s16641.smt2,0,16,2
,sat,sat,sat,sat,sat,sat,sat,sat,sat,-,3.1686332,1.516,12.63642,3.9392571,18.149107,0.012,2.6817474,5.16,t/o,7,-,7,2,7,-,1,-,-,../../../benchmarks/QF_FP_R/griggio/fmcad12/test_v3_r3_vr5_c1_s16867.smt2,0,16,2
,sat,sat,sat,sat,sat,sat,sat,sat,sat,-,3.220706,1.468,15.129542,7.8749685,34.36173,0.052,2.9237845,6.7,t/o,7,-,7,2,7,-,1,-,-,../../../benchmarks/QF_FP_R/griggio/fmcad12/test_v3_r3_vr5_c1_s26769.smt2,0,16,2
,unsat,unsat,unsat,-,-,-,-,-,-,-,5.0483875,50.731,t/o,t/o,t/o,t/o,t/o,t/o,t/o,7,-,-,-,-,-,-,-,-,../../../benchmarks/QF_FP_R/griggio/fmcad12/test_v3_r8_vr10_c1_s18214.smt2,4,0,14
,unsat,unsat,unsat,-,unsat,-,-,-,-,-,8.990838,51.635,t/o,9.009446,t/o,t/o,t/o,t/o,t/o,6,-,-,6,-,-,-,-,-,../../../benchmarks/QF_FP_R/griggio/fmcad12/test_v3_r8_vr10_c1_s4660.smt2,6,0,12
,sat,sat,sat,-,-,-,-,-,-,-,7.2343435,51.543,t/o,t/o,t/o,t/o,t/o,t/o,t/o,7,-,-,-,-,-,-,-,-,../../../benchmarks/QF_FP_R/griggio/fmcad12/test_v3_r8_vr10_c1_s5590.smt2,0,4,14
,unsat,unsat,unsat,-,unsat,-,-,-,unsat,-,1.3880701,18.169,t/o,1.3578049,t/o,t/o,t/o,15.38,t/o,6,-,-,6,-,-,-,-,-,../../../benchmarks/QF_FP_R/griggio/fmcad12/test_v3_r8_vr1_c1_s20372.smt2,8,0,10
,unsat,unsat,unsat,unsat,unsat,-,-,unsat,unsat,-,0.7245543,16.733,54.183136,0.7374588,t/o,t/o,55.593723,13.66,t/o,6,-,6,6,-,-,6,-,-,../../../benchmarks/QF_FP_R/griggio/fmcad12/test_v3_r8_vr1_c1_s23752.smt2,12,0,6
,unsat,unsat,unsat,-,unsat,-,-,-,unsat,-,0.9835543,42.479,t/o,1.0005842,t/o,t/o,t/o,54.3,t/o,6,-,-,6,-,-,-,-,-,../../../benchmarks/QF_FP_R/griggio/fmcad12/test_v3_r8_vr1_c1_s733.smt2,8,0,10
,unsat,unsat,unsat,-,unsat,-,-,-,-,-,3.3754642,45.135,t/o,3.3432417,t/o,t/o,t/o,t/o,t/o,6,-,-,6,-,-,-,-,-,../../../benchmarks/QF_FP_R/griggio/fmcad12/test_v3_r8_vr5_c1_s10746.smt2,6,0,12
,unsat,unsat,unsat,-,unsat,-,-,-,unsat,-,0.8796946,24.946,t/o,0.8699215,t/o,t/o,t/o,49.98,t/o,6,-,-,6,-,-,-,-,-,../../../benchmarks/QF_FP_R/griggio/fmcad12/test_v3_r8_vr5_c1_s1507.smt2,8,0,10
,unsat,unsat,unsat,-,unsat,-,-,-,unsat,-,0.95382714,29.17,t/o,0.9015224,t/o,t/o,t/o,50.58,t/o,6,-,-,6,-,-,-,-,-,../../../benchmarks/QF_FP_R/griggio/fmcad12/test_v3_r8_vr5_c1_s8257.smt2,8,0,10
,-,-,-,-,-,-,-,-,-,-,t/o,t/o,t/o,t/o,t/o,t/o,t/o,t/o,t/o,-,-,-,-,-,-,-,-,-,../../../benchmarks/QF_FP_R/griggio/fmcad12/test_v5_r10_vr10_c1_s15708.smt2,0,0,18
,-,-,-,-,-,-,-,-,-,-,t/o,t/o,t/o,t/o,t/o,t/o,t/o,t/o,t/o,-,-,-,-,-,-,-,-,-,../../../benchmarks/QF_FP_R/griggio/fmcad12/test_v5_r10_vr10_c1_s21502.smt2,0,0,18
,-,-,-,-,-,-,-,-,-,-,t/o,t/o,t/o,t/o,t/o,t/o,t/o,t/o,t/o,-,-,-,-,-,-,-,-,-,../../../benchmarks/QF_FP_R/griggio/fmcad12/test_v5_r10_vr10_c1_s7608.smt2,0,0,18
,-,-,-,-,-,-,-,-,-,-,t/o,t/o,t/o,t/o,t/o,t/o,t/o,t/o,t/o,-,-,-,-,-,-,-,-,-,../../../benchmarks/QF_FP_R/griggio/fmcad12/test_v5_r10_vr1_c1_s13516.smt2,0,0,18
,-,-,-,-,-,-,-,-,-,-,t/o,t/o,t/o,t/o,t/o,t/o,t/o,t/o,t/o,-,-,-,-,-,-,-,-,-,../../../benchmarks/QF_FP_R/griggio/fmcad12/test_v5_r10_vr1_c1_s19145.smt2,0,0,18
,unsat,unsat,-,-,unsat,-,-,-,-,-,1.2301143,t/o,t/o,1.2100197,t/o,t/o,t/o,t/o,t/o,6,-,-,6,-,-,-,-,-,../../../benchmarks/QF_FP_R/griggio/fmcad12/test_v5_r10_vr1_c1_s32538.smt2,4,0,14
,-,-,-,-,-,-,-,-,-,-,t/o,t/o,t/o,t/o,t/o,t/o,t/o,t/o,t/o,-,-,-,-,-,-,-,-,-,../../../benchmarks/QF_FP_R/griggio/fmcad12/test_v5_r10_vr5_c1_s13195.smt2,0,0,18
,-,-,-,-,-,-,-,-,-,-,t/o,t/o,t/o,t/o,t/o,t/o,t/o,t/o,t/o,-,-,-,-,-,-,-,-,-,../../../benchmarks/QF_FP_R/griggio/fmcad12/test_v5_r10_vr5_c1_s13679.smt2,0,0,18
,-,-,-,-,-,-,-,-,-,-,t/o,t/o,t/o,t/o,t/o,t/o,t/o,t/o,t/o,-,-,-,-,-,-,-,-,-,../../../benchmarks/QF_FP_R/griggio/fmcad12/test_v5_r10_vr5_c1_s8690.smt2,0,0,18
,-,-,-,-,-,-,-,-,-,-,t/o,t/o,t/o,t/o,t/o,t/o,t/o,t/o,t/o,-,-,-,-,-,-,-,-,-,../../../benchmarks/QF_FP_R/griggio/fmcad12/test_v5_r15_vr10_c1_s11127.smt2,0,0,18
,-,-,-,-,-,-,-,-,-,-,t/o,t/o,t/o,t/o,t/o,t/o,t/o,t/o,t/o,-,-,-,-,-,-,-,-,-,../../../benchmarks/QF_FP_R/griggio/fmcad12/test_v5_r15_vr10_c1_s14516.smt2,0,0,18
,-,-,-,-,-,-,-,-,-,-,t/o,t/o,t/o,t/o,t/o,t/o,t/o,t/o,t/o,-,-,-,-,-,-,-,-,-,../../../benchmarks/QF_FP_R/griggio/fmcad12/test_v5_r15_vr10_c1_s25268.smt2,0,0,18
,unsat,unsat,-,-,unsat,-,-,-,-,-,11.512269,t/o,t/o,11.497332,t/o,t/o,t/o,t/o,t/o,6,-,-,6,-,-,-,-,-,../../../benchmarks/QF_FP_R/griggio/fmcad12/test_v5_r15_vr1_c1_s26845.smt2,4,0,14
,-,-,-,-,-,-,-,-,-,-,t/o,t/o,t/o,t/o,t/o,t/o,t/o,t/o,t/o,-,-,-,-,-,-,-,-,-,../../../benchmarks/QF_FP_R/griggio/fmcad12/test_v5_r15_vr1_c1_s32559.smt2,0,0,18
,unsat,unsat,-,-,unsat,-,-,-,-,-,57.557617,t/o,t/o,57.39897,t/o,t/o,t/o,t/o,t/o,6,-,-,6,-,-,-,-,-,../../../benchmarks/QF_FP_R/griggio/fmcad12/test_v5_r15_vr1_c1_s8236.smt2,4,0,14
,-,-,-,-,-,-,-,-,-,-,t/o,t/o,t/o,t/o,t/o,t/o,t/o,t/o,t/o,-,-,-,-,-,-,-,-,-,../../../benchmarks/QF_FP_R/griggio/fmcad12/test_v5_r15_vr5_c1_s23844.smt2,0,0,18
,-,-,-,-,-,-,-,-,-,-,t/o,t/o,t/o,t/o,t/o,t/o,t/o,t/o,t/o,-,-,-,-,-,-,-,-,-,../../../benchmarks/QF_FP_R/griggio/fmcad12/test_v5_r15_vr5_c1_s26657.smt2,0,0,18
,-,-,-,-,-,-,-,-,-,-,t/o,t/o,t/o,t/o,t/o,t/o,t/o,t/o,t/o,-,-,-,-,-,-,-,-,-,../../../benchmarks/QF_FP_R/griggio/fmcad12/test_v5_r15_vr5_c1_s8246.smt2,0,0,18
,sat,-,sat,-,sat,-,-,sat,-,-,t/o,14.977,t/o,15.568789,t/o,t/o,34.331436,t/o,t/o,-,-,-,3,-,-,2,-,-,../../../benchmarks/QF_FP_R/griggio/fmcad12/test_v5_r5_vr10_c1_s5379.smt2,0,6,12
,sat,-,sat,sat,sat,-,sat,-,sat,-,t/o,6.832,34.42375,4.4838314,t/o,0.052,t/o,47.32,t/o,-,-,7,1,-,-,-,-,-,../../../benchmarks/QF_FP_R/griggio/fmcad12/test_v5_r5_vr10_c1_s5996.smt2,0,10,8
,sat,-,-,-,-,-,-,sat,-,-,t/o,t/o,t/o,t/o,t/o,t/o,46.652016,t/o,t/o,-,-,-,-,-,-,2,-,-,../../../benchmarks/QF_FP_R/griggio/fmcad12/test_v5_r5_vr10_c1_s7194.smt2,0,2,16
,sat,sat,sat,-,-,-,-,-,-,-,6.148124,26.67,t/o,t/o,t/o,t/o,t/o,t/o,t/o,7,-,-,-,-,-,-,-,-,../../../benchmarks/QF_FP_R/griggio/fmcad12/test_v5_r5_vr1_c1_s14623.smt2,0,4,14
,sat,-,sat,-,-,-,-,-,-,-,t/o,14.041,t/o,t/o,t/o,t/o,t/o,t/o,t/o,-,-,-,-,-,-,-,-,-,../../../benchmarks/QF_FP_R/griggio/fmcad12/test_v5_r5_vr1_c1_s15604.smt2,0,2,16
,sat,sat,sat,-,-,-,-,-,-,-,13.819034,51.159,t/o,t/o,t/o,t/o,t/o,t/o,t/o,7,-,-,-,-,-,-,-,-,../../../benchmarks/QF_FP_R/griggio/fmcad12/test_v5_r5_vr1_c1_s16138.smt2,0,4,14
,-,-,-,-,-,-,-,-,-,-,t/o,t/o,t/o,t/o,t/o,t/o,t/o,t/o,t/o,-,-,-,-,-,-,-,-,-,../../../benchmarks/QF_FP_R/griggio/fmcad12/test_v5_r5_vr5_c1_s24018.smt2,0,0,18
,-,-,-,-,-,-,-,-,-,-,t/o,t/o,t/o,t/o,t/o,t/o,t/o,t/o,t/o,-,-,-,-,-,-,-,-,-,../../../benchmarks/QF_FP_R/griggio/fmcad12/test_v5_r5_vr5_c1_s2800.smt2,0,0,18
,sat,sat,sat,-,sat,-,-,sat,-,-,6.1109457,36.658,t/o,17.505648,t/o,t/o,7.5527306,t/o,t/o,7,-,-,4,-,-,1,-,-,../../../benchmarks/QF_FP_R/griggio/fmcad12/test_v5_r5_vr5_c1_s9855.smt2,0,8,10
,sat,-,-,-,sat,-,-,-,-,-,t/o,t/o,t/o,41.59407,t/o,t/o,t/o,t/o,t/o,-,-,-,1,-,-,-,-,-,../../../benchmarks/QF_FP_R/griggio/fmcad12/test_v7_r12_vr10_c1_s15994.smt2,0,2,16
,-,-,-,-,-,-,-,-,-,-,t/o,t/o,t/o,t/o,t/o,t/o,t/o,t/o,t/o,-,-,-,-,-,-,-,-,-,../../../benchmarks/QF_FP_R/griggio/fmcad12/test_v7_r12_vr10_c1_s18160.smt2,0,0,18
,-,-,-,-,-,-,-,-,-,-,t/o,t/o,t/o,t/o,t/o,t/o,t/o,t/o,t/o,-,-,-,-,-,-,-,-,-,../../../benchmarks/QF_FP_R/griggio/fmcad12/test_v7_r12_vr10_c1_s30410.smt2,0,0,18
,-,-,-,-,-,-,-,-,-,-,t/o,t/o,t/o,t/o,t/o,t/o,t/o,t/o,t/o,-,-,-,-,-,-,-,-,-,../../../benchmarks/QF_FP_R/griggio/fmcad12/test_v7_r12_vr1_c1_s10576.smt2,0,0,18
,-,-,-,-,-,-,-,-,-,-,t/o,t/o,t/o,t/o,t/o,t/o,t/o,t/o,t/o,-,-,-,-,-,-,-,-,-,../../../benchmarks/QF_FP_R/griggio/fmcad12/test_v7_r12_vr1_c1_s22787.smt2,0,0,18
,-,-,-,-,-,-,-,-,-,-,t/o,t/o,t/o,t/o,t/o,t/o,t/o,t/o,t/o,-,-,-,-,-,-,-,-,-,../../../benchmarks/QF_FP_R/griggio/fmcad12/test_v7_r12_vr1_c1_s703.smt2,0,0,18
,-,-,-,-,-,-,-,-,-,-,t/o,t/o,t/o,t/o,t/o,t/o,t/o,t/o,t/o,-,-,-,-,-,-,-,-,-,../../../benchmarks/QF_FP_R/griggio/fmcad12/test_v7_r12_vr5_c1_s14336.smt2,0,0,18
,-,-,-,-,-,-,-,-,-,-,t/o,t/o,t/o,t/o,t/o,t/o,t/o,t/o,t/o,-,-,-,-,-,-,-,-,-,../../../benchmarks/QF_FP_R/griggio/fmcad12/test_v7_r12_vr5_c1_s29826.smt2,0,0,18
,-,-,-,-,-,-,-,-,-,-,t/o,t/o,t/o,t/o,t/o,t/o,t/o,t/o,t/o,-,-,-,-,-,-,-,-,-,../../../benchmarks/QF_FP_R/griggio/fmcad12/test_v7_r12_vr5_c1_s8938.smt2,0,0,18
,-,-,-,-,-,-,-,-,-,-,t/o,t/o,t/o,t/o,t/o,t/o,t/o,t/o,t/o,-,-,-,-,-,-,-,-,-,../../../benchmarks/QF_FP_R/griggio/fmcad12/test_v7_r17_vr10_c1_s18654.smt2,0,0,18
,-,-,-,-,-,-,-,-,-,-,t/o,t/o,t/o,t/o,t/o,t/o,t/o,t/o,t/o,-,-,-,-,-,-,-,-,-,../../../benchmarks/QF_FP_R/griggio/fmcad12/test_v7_r17_vr10_c1_s3680.smt2,0,0,18
,-,-,-,-,-,-,-,-,-,-,t/o,t/o,t/o,t/o,t/o,t/o,t/o,t/o,t/o,-,-,-,-,-,-,-,-,-,../../../benchmarks/QF_FP_R/griggio/fmcad12/test_v7_r17_vr10_c1_s8773.smt2,0,0,18
,-,-,-,-,-,-,-,-,-,-,t/o,t/o,t/o,t/o,t/o,t/o,t/o,t/o,t/o,-,-,-,-,-,-,-,-,-,../../../benchmarks/QF_FP_R/griggio/fmcad12/test_v7_r17_vr1_c1_s23882.smt2,0,0,18
,-,-,-,-,-,-,-,-,-,-,t/o,t/o,t/o,t/o,t/o,t/o,t/o,t/o,t/o,-,-,-,-,-,-,-,-,-,../../../benchmarks/QF_FP_R/griggio/fmcad12/test_v7_r17_vr1_c1_s24331.smt2,0,0,18
,-,-,-,-,-,-,-,-,-,-,t/o,t/o,t/o,t/o,t/o,t/o,t/o,t/o,t/o,-,-,-,-,-,-,-,-,-,../../../benchmarks/QF_FP_R/griggio/fmcad12/test_v7_r17_vr1_c1_s30331.smt2,0,0,18
,-,-,-,-,-,-,-,-,-,-,t/o,t/o,t/o,t/o,t/o,t/o,t/o,t/o,t/o,-,-,-,-,-,-,-,-,-,../../../benchmarks/QF_FP_R/griggio/fmcad12/test_v7_r17_vr5_c1_s25451.smt2,0,0,18
,-,-,-,-,-,-,-,-,-,-,t/o,t/o,t/o,t/o,t/o,t/o,t/o,t/o,t/o,-,-,-,-,-,-,-,-,-,../../../benchmarks/QF_FP_R/griggio/fmcad12/test_v7_r17_vr5_c1_s2807.smt2,0,0,18
,-,-,-,-,-,-,-,-,-,-,t/o,t/o,t/o,t/o,t/o,t/o,t/o,t/o,t/o,-,-,-,-,-,-,-,-,-,../../../benchmarks/QF_FP_R/griggio/fmcad12/test_v7_r17_vr5_c1_s4772.smt2,0,0,18
,-,-,-,-,-,-,-,-,-,-,t/o,t/o,t/o,t/o,t/o,t/o,t/o,t/o,t/o,-,-,-,-,-,-,-,-,-,../../../benchmarks/QF_FP_R/griggio/fmcad12/test_v7_r7_vr10_c1_s10625.smt2,0,0,18
,sat,-,-,-,sat,-,-,-,-,-,t/o,t/o,t/o,15.616994,t/o,t/o,t/o,t/o,t/o,-,-,-,2,-,-,-,-,-,../../../benchmarks/QF_FP_R/griggio/fmcad12/test_v7_r7_vr10_c1_s24535.smt2,0,2,16
,sat,-,-,-,-,-,-,sat,-,-,t/o,t/o,t/o,t/o,t/o,t/o,56.24591,t/o,t/o,-,-,-,-,-,-,1,-,-,../../../benchmarks/QF_FP_R/griggio/fmcad12/test_v7_r7_vr10_c1_s32506.smt2,0,2,16
,-,-,-,-,-,-,-,-,-,-,t/o,t/o,t/o,t/o,t/o,t/o,t/o,t/o,t/o,-,-,-,-,-,-,-,-,-,../../../benchmarks/QF_FP_R/griggio/fmcad12/test_v7_r7_vr1_c1_s22845.smt2,0,0,18
,-,-,-,-,-,-,-,-,-,-,t/o,t/o,t/o,t/o,t/o,t/o,t/o,t/o,t/o,-,-,-,-,-,-,-,-,-,../../../benchmarks/QF_FP_R/griggio/fmcad12/test_v7_r7_vr1_c1_s24449.smt2,0,0,18
,-,-,-,-,-,-,-,-,-,-,t/o,t/o,t/o,t/o,t/o,t/o,t/o,t/o,t/o,-,-,-,-,-,-,-,-,-,../../../benchmarks/QF_FP_R/griggio/fmcad12/test_v7_r7_vr1_c1_s4574.smt2,0,0,18
,sat,-,-,-,sat,-,-,sat,-,-,t/o,t/o,t/o,43.910503,t/o,t/o,11.773634,t/o,t/o,-,-,-,2,-,-,1,-,-,../../../benchmarks/QF_FP_R/griggio/fmcad12/test_v7_r7_vr5_c1_s14675.smt2,0,4,14
,-,-,-,-,-,-,-,-,-,-,t/o,t/o,t/o,t/o,t/o,t/o,t/o,t/o,t/o,-,-,-,-,-,-,-,-,-,../../../benchmarks/QF_FP_R/griggio/fmcad12/test_v7_r7_vr5_c1_s19694.smt2,0,0,18
,sat,-,-,-,sat,-,-,sat,-,-,t/o,t/o,t/o,29.897882,t/o,t/o,17.330853,t/o,t/o,-,-,-,2,-,-,1,-,-,../../../benchmarks/QF_FP_R/griggio/fmcad12/test_v7_r7_vr5_c1_s3582.smt2,0,4,14
